INSERT INTO customers (id, first_name, last_name, email, phone_number) VALUES (1001, 'Alice', 'Smith', 'alice1@example.com', '1234567890');
INSERT INTO customers (id, first_name, last_name, email, phone_number) VALUES (1002, 'Bob', 'Johnson', 'bob2@example.com', '1234567891');
INSERT INTO customers (id, first_name, last_name, email, phone_number) VALUES (1003, 'Charlie', 'Brown', 'charlie3@example.com', '1234567892');
INSERT INTO customers (id, first_name, last_name, email, phone_number) VALUES (1004, 'Diana', 'Prince', 'diana4@example.com', '1234567893');
INSERT INTO customers (id, first_name, last_name, email, phone_number) VALUES (1005, 'Eve', 'Adams', 'eve5@example.com', '1234567894');
INSERT INTO customers (id, first_name, last_name, email, phone_number) VALUES (1006, 'Frank', 'Castle', 'frank6@example.com', '1234567895');
INSERT INTO customers (id, first_name, last_name, email, phone_number) VALUES (1007, 'Grace', 'Hopper', 'grace7@example.com', '1234567896');
INSERT INTO customers (id, first_name, last_name, email, phone_number) VALUES (1008, 'Hank', 'Pym', 'hank8@example.com', '1234567897');
INSERT INTO customers (id, first_name, last_name, email, phone_number) VALUES (1009, 'Ivy', 'Poison', 'ivy9@example.com', '1234567898');
INSERT INTO customers (id, first_name, last_name, email, phone_number) VALUES (1010, 'Jack', 'Sparrow', 'jack10@example.com', '1234567899');
INSERT INTO catalogue_items (id, name, particulars, description, image_url, uom, currency, amount) VALUES (1001, 'Widget A', 'Red', 'Basic red widget', 'url1', 'PCS', 'USD', 10.00);
INSERT INTO catalogue_items (id, name, particulars, description, image_url, uom, currency, amount) VALUES (1002, 'Widget B', 'Blue', 'Basic blue widget', 'url2', 'PCS', 'USD', 15.00);
INSERT INTO catalogue_items (id, name, particulars, description, image_url, uom, currency, amount) VALUES (1003, 'Widget C', 'Green', 'Basic green widget', 'url3', 'PCS', 'USD', 12.50);
INSERT INTO catalogue_items (id, name, particulars, description, image_url, uom, currency, amount) VALUES (1004, 'Gadget X', 'Metal', 'Premium metal gadget', 'url4', 'PCS', 'USD', 45.00);
INSERT INTO catalogue_items (id, name, particulars, description, image_url, uom, currency, amount) VALUES (1005, 'Gadget Y', 'Plastic', 'Standard plastic gadget', 'url5', 'PCS', 'USD', 20.00);
INSERT INTO catalogue_items (id, name, particulars, description, image_url, uom, currency, amount) VALUES (1006, 'Tool P', 'Heavy', 'Heavy duty tool', 'url6', 'PCS', 'USD', 90.00);
INSERT INTO catalogue_items (id, name, particulars, description, image_url, uom, currency, amount) VALUES (1007, 'Tool Q', 'Light', 'Lightweight tool', 'url7', 'PCS', 'USD', 35.00);
INSERT INTO catalogue_items (id, name, particulars, description, image_url, uom, currency, amount) VALUES (1008, 'Part 1', 'Small', 'Small replacement part', 'url8', 'PCS', 'USD', 2.50);
INSERT INTO catalogue_items (id, name, particulars, description, image_url, uom, currency, amount) VALUES (1009, 'Part 2', 'Large', 'Large replacement part', 'url9', 'PCS', 'USD', 8.00);
INSERT INTO catalogue_items (id, name, particulars, description, image_url, uom, currency, amount) VALUES (1010, 'Kit Alpha', 'Combo', 'Combination kit', 'url10', 'PCS', 'USD', 120.00);
INSERT INTO inventory_levels (id, catalogue_item_id, quantity) VALUES (1001, 1001, 100);
INSERT INTO inventory_levels (id, catalogue_item_id, quantity) VALUES (1002, 1002, 100);
INSERT INTO inventory_levels (id, catalogue_item_id, quantity) VALUES (1003, 1003, 100);
INSERT INTO inventory_levels (id, catalogue_item_id, quantity) VALUES (1004, 1004, 100);
INSERT INTO inventory_levels (id, catalogue_item_id, quantity) VALUES (1005, 1005, 100);
INSERT INTO inventory_levels (id, catalogue_item_id, quantity) VALUES (1006, 1006, 100);
INSERT INTO inventory_levels (id, catalogue_item_id, quantity) VALUES (1007, 1007, 100);
INSERT INTO inventory_levels (id, catalogue_item_id, quantity) VALUES (1008, 1008, 100);
INSERT INTO inventory_levels (id, catalogue_item_id, quantity) VALUES (1009, 1009, 100);
INSERT INTO inventory_levels (id, catalogue_item_id, quantity) VALUES (1010, 1010, 100);
INSERT INTO orders (id, customer_id, status, total_amount) VALUES (1001, 1001, 'PLACED', 50.00);
INSERT INTO orders (id, customer_id, status, total_amount) VALUES (1002, 1002, 'PAID', 30.00);
INSERT INTO orders (id, customer_id, status, total_amount) VALUES (1003, 1003, 'SHIPPED', 25.00);
INSERT INTO orders (id, customer_id, status, total_amount) VALUES (1004, 1004, 'DELIVERED', 45.00);
INSERT INTO orders (id, customer_id, status, total_amount) VALUES (1005, 1005, 'PLACED', 40.00);
INSERT INTO orders (id, customer_id, status, total_amount) VALUES (1006, 1006, 'PLACED', 90.00);
INSERT INTO orders (id, customer_id, status, total_amount) VALUES (1007, 1007, 'PAID', 70.00);
INSERT INTO orders (id, customer_id, status, total_amount) VALUES (1008, 1008, 'SHIPPED', 5.00);
INSERT INTO orders (id, customer_id, status, total_amount) VALUES (1009, 1009, 'DELIVERED', 16.00);
INSERT INTO orders (id, customer_id, status, total_amount) VALUES (1010, 1010, 'CANCELLED', 120.00);
INSERT INTO order_items (id, order_id, catalogue_item_id, quantity, price) VALUES (1001, 1001, 1001, 5, 10.00);
INSERT INTO order_items (id, order_id, catalogue_item_id, quantity, price) VALUES (1002, 1002, 1002, 2, 15.00);
INSERT INTO order_items (id, order_id, catalogue_item_id, quantity, price) VALUES (1003, 1003, 1003, 2, 12.50);
INSERT INTO order_items (id, order_id, catalogue_item_id, quantity, price) VALUES (1004, 1004, 1004, 1, 45.00);
INSERT INTO order_items (id, order_id, catalogue_item_id, quantity, price) VALUES (1005, 1005, 1005, 2, 20.00);
INSERT INTO order_items (id, order_id, catalogue_item_id, quantity, price) VALUES (1006, 1006, 1006, 1, 90.00);
INSERT INTO order_items (id, order_id, catalogue_item_id, quantity, price) VALUES (1007, 1007, 1007, 2, 35.00);
INSERT INTO order_items (id, order_id, catalogue_item_id, quantity, price) VALUES (1008, 1008, 1008, 2, 2.50);
INSERT INTO order_items (id, order_id, catalogue_item_id, quantity, price) VALUES (1009, 1009, 1009, 2, 8.00);
INSERT INTO order_items (id, order_id, catalogue_item_id, quantity, price) VALUES (1010, 1010, 1010, 1, 120.00);
INSERT INTO carts (id, customer_id) VALUES (1001, 1001);
INSERT INTO carts (id, customer_id) VALUES (1002, 1002);
INSERT INTO carts (id, customer_id) VALUES (1003, 1003);
INSERT INTO carts (id, customer_id) VALUES (1004, 1004);
INSERT INTO carts (id, customer_id) VALUES (1005, 1005);
INSERT INTO carts (id, customer_id) VALUES (1006, 1006);
INSERT INTO carts (id, customer_id) VALUES (1007, 1007);
INSERT INTO carts (id, customer_id) VALUES (1008, 1008);
INSERT INTO carts (id, customer_id) VALUES (1009, 1009);
INSERT INTO carts (id, customer_id) VALUES (1010, 1010);
INSERT INTO cart_items (id, cart_id, catalogue_item_id, quantity, price_snapshot) VALUES (1001, 1001, 1001, 1, 10.00);
INSERT INTO cart_items (id, cart_id, catalogue_item_id, quantity, price_snapshot) VALUES (1002, 1002, 1002, 1, 15.00);
INSERT INTO cart_items (id, cart_id, catalogue_item_id, quantity, price_snapshot) VALUES (1003, 1003, 1003, 1, 12.50);
INSERT INTO cart_items (id, cart_id, catalogue_item_id, quantity, price_snapshot) VALUES (1004, 1004, 1004, 1, 45.00);
INSERT INTO cart_items (id, cart_id, catalogue_item_id, quantity, price_snapshot) VALUES (1005, 1005, 1005, 1, 20.00);
INSERT INTO cart_items (id, cart_id, catalogue_item_id, quantity, price_snapshot) VALUES (1006, 1006, 1006, 1, 90.00);
INSERT INTO cart_items (id, cart_id, catalogue_item_id, quantity, price_snapshot) VALUES (1007, 1007, 1007, 1, 35.00);
INSERT INTO cart_items (id, cart_id, catalogue_item_id, quantity, price_snapshot) VALUES (1008, 1008, 1008, 1, 2.50);
INSERT INTO cart_items (id, cart_id, catalogue_item_id, quantity, price_snapshot) VALUES (1009, 1009, 1009, 1, 8.00);
INSERT INTO cart_items (id, cart_id, catalogue_item_id, quantity, price_snapshot) VALUES (1010, 1010, 1010, 1, 120.00);
